{
  "Author": "Speakingevil",
  "Compatibility": "Compatible",
  "DefuserDifficulty": "Easy",
  "Description": "Place the displayed rows and columns into the grid such that the overlapping shapes are the same.",
  "ExpertDifficulty": "Hard",
  "ModuleID": "polygrid",
  "Name": "Polygrid",
  "Origin": "Mods",
  "Published": "2021-03-25",
  "SortKey": "POLYGRID",
  "SourceUrl": "https://github.com/Speakingevil/polygrid",
  "SteamID": "2435627247",
  "Symbol": "Pgr",
  "Type": "Regular"
}